<?xml version="1.0" encoding="UTF-8"?>
<beans xmlns="http://www.springframework.org/schema/beans"
	xmlns:xsi="http://www.w3.org/2001/XMLSchema-instance" xmlns:context="http://www.springframework.org/schema/context"
	xmlns:p="http://www.springframework.org/schema/p" xmlns:util="http://www.springframework.org/schema/util"
	xsi:schemaLocation="http://www.springframework.org/schema/beans http://www.springframework.org/schema/beans/spring-beans-3.0.xsd
		http://www.springframework.org/schema/context http://www.springframework.org/schema/context/spring-context-3.0.xsd
		http://www.springframework.org/schema/util http://www.springframework.org/schema/util/spring-util-3.0.xsd">
	
	<!-- Root Context: defines shared resources visible to all other web components -->
	
    <context:property-placeholder location="classpath*:/*.properties"/>
	
	<import resource="classpath*:/META-INF/openlegacy-basic-context.xml"/>

	<bean id="terminalSession" class="org.openlegacy.terminal.support.DefaultTerminalSession" scope="prototype" parent="abstractTerminalSession" />

	<context:component-scan base-package="com.test" />
		
	<bean id="terminalConnectionFactory"
		class="org.openlegacy.terminal.mock.MockTerminalConnectionFactory">
		<property name="root" value="/trails" />
		<property name="trailName" value="test.trail.xml" />
	</bean>

		
</beans>
