<?xml version="1.0" encoding="UTF-8" standalone="yes"?>
<snapshot type="INCOMING" sequence="7">
    <row rowNumber="1">
        <field column="2" value="TESTUSER  " color="BLUE"/>
        <field column="13" value="       "/>
        <field column="21" value="Inventory                               " color="WHITE"/>
        <field column="62" value="          "/>
        <field column="73" value=" 2/06/05" color="BLUE"/>
    </row>
    <row rowNumber="2">
        <field column="1" color="BLUE"/>
        <field column="2" value="MITMMAST  " color="BLUE"/>
        <field column="13" value="            "/>
        <field column="26" value="    Work with Item Master     " color="WHITE"/>
        <field column="57" value="               "/>
        <field column="73" value="11:44:16" color="BLUE"/>
    </row>
    <row rowNumber="3">
        <field column="1"/>
        <field column="2" value="                                                                               "/>
    </row>
    <row rowNumber="4">
        <field column="1" color="BLUE"/>
        <field column="2" value="Type one or more action codes. Then Enter.                                    " color="BLUE"/>
    </row>
    <row rowNumber="5">
        <field column="1" value="  "/>
        <field column="4" value="2=Revise" color="BLUE"/>
        <field column="13" color="BLUE"/>
        <field column="14" value="4=Delete" color="BLUE"/>
        <field column="23" color="BLUE"/>
        <field column="24" value="5=Display" color="BLUE"/>
        <field column="34" value="                                               "/>
    </row>
    <row rowNumber="7">
        <field column="1" color="WHITE"/>
        <field column="2" value="Action" color="WHITE"/>
        <field column="9" value=" "/>
        <field column="11" value="Alpha search" color="WHITE"/>
        <field column="24" value="Item Description" color="WHITE"/>
        <field column="41" value="                       "/>
        <field column="65" value="Item Number" color="WHITE"/>
        <field column="77" value="    "/>
    </row>
    <row rowNumber="8">
        <field column="1"/>
        <field column="2" value=" "/>
        <field column="4" length="1" editable="true" type="java.lang.Integer"/>
        <field column="6" value="    "/>
        <field column="11" value="APPLE     "/>
        <field column="22" value=" "/>
        <field column="24" value="Red apple - FRT                         "/>
        <field column="65" value="1007           " type="java.lang.Integer"/>
    </row>
    <row rowNumber="9">
        <field column="1" value="  "/>
        <field column="4" length="1" editable="true" type="java.lang.Integer"/>
        <field column="6" value="    "/>
        <field column="11" value="BANANA    "/>
        <field column="22" value=" "/>
        <field column="24" value="Banana - FRT                            "/>
        <field column="65" value="1008           " type="java.lang.Integer"/>
    </row>
    <row rowNumber="10">
        <field column="1" value="  "/>
        <field column="4" length="1" editable="true" type="java.lang.Integer"/>
        <field column="6" value="    "/>
        <field column="11" value="CARROT    "/>
        <field column="22" value=" "/>
        <field column="24" value="Carrot - VEG                            "/>
        <field column="65" value="1005           " type="java.lang.Integer"/>
    </row>
    <row rowNumber="11">
        <field column="1" value="  "/>
        <field column="4" length="1" editable="true" type="java.lang.Integer"/>
        <field column="6" value="    "/>
        <field column="11" value="CHICKEN   "/>
        <field column="22" value=" "/>
        <field column="24" value="Chicken breast - MEAT                   "/>
        <field column="65" value="1006           " type="java.lang.Integer"/>
    </row>
    <row rowNumber="12">
        <field column="1" value="  "/>
        <field column="4" length="1" editable="true" type="java.lang.Integer"/>
        <field column="6" value="    "/>
        <field column="11" value="CUCUMBER  "/>
        <field column="22" value=" "/>
        <field column="24" value="Cucumber - VEG                          "/>
        <field column="65" value="1004           " type="java.lang.Integer"/>
    </row>
    <row rowNumber="13">
        <field column="1" value="  "/>
        <field column="4" length="1" editable="true" type="java.lang.Integer"/>
        <field column="6" value="    "/>
        <field column="11" value="EANS      "/>
        <field column="22" value=" "/>
        <field column="24" value="Red beans - VEG                         "/>
        <field column="65" value="1018           " type="java.lang.Integer"/>
    </row>
    <row rowNumber="14">
        <field column="1" value="  "/>
        <field column="4" length="1" editable="true" type="java.lang.Integer"/>
        <field column="6" value="    "/>
        <field column="11" value="FIG       "/>
        <field column="22" value=" "/>
        <field column="24" value="Fresh fig - FRT                         "/>
        <field column="65" value="1020           " type="java.lang.Integer"/>
    </row>
    <row rowNumber="15">
        <field column="1" value="  "/>
        <field column="4" length="1" editable="true" type="java.lang.Integer"/>
        <field column="6" value="    "/>
        <field column="11" value="GRAPE     "/>
        <field column="22" value=" "/>
        <field column="24" value="White grapes - FRT                      "/>
        <field column="65" value="1011           " type="java.lang.Integer"/>
    </row>
    <row rowNumber="16">
        <field column="1" value="  "/>
        <field column="4" length="1" editable="true" type="java.lang.Integer"/>
        <field column="6" value="    "/>
        <field column="11" value="HAMBURGER "/>
        <field column="22" value=" "/>
        <field column="24" value="Hamburger - MEAT                        "/>
        <field column="65" value="1000           " type="java.lang.Integer"/>
    </row>
    <row rowNumber="17">
        <field column="1" value="  "/>
        <field column="4" length="1" editable="true" type="java.lang.Integer"/>
        <field column="6" value="    "/>
        <field column="11" value="MELON     "/>
        <field column="22" value=" "/>
        <field column="24" value="Yellow melon - FRT                      "/>
        <field column="65" value="1016           " type="java.lang.Integer"/>
    </row>
    <row rowNumber="18">
        <field column="1" value="  "/>
        <field column="4" length="1" editable="true" type="java.lang.Integer"/>
        <field column="6" value="    "/>
        <field column="11" value="MUSHROOM  "/>
        <field column="22" value=" "/>
        <field column="24" value="Champignon mushrooms - VEG              "/>
        <field column="65" value="1013           " type="java.lang.Integer"/>
    </row>
    <row rowNumber="19">
        <field column="1" value="  "/>
        <field column="4" length="1" editable="true" type="java.lang.Integer"/>
        <field column="6" value="    "/>
        <field column="11" value="OLIVE     "/>
        <field column="22" value=" "/>
        <field column="24" value="Black olive - VEG                       "/>
        <field column="65" value="1015         " type="java.lang.Integer"/>
        <field column="79" value=" " color="WHITE"/>
    </row>
    <row rowNumber="21">
        <field column="1"/>
        <field column="2" value="Position to . ."/>
        <field column="18"/>
        <field column="19" length="10" editable="true"/>
        <field column="30" value="                                                   "/>
    </row>
    <row rowNumber="23">
        <field column="1" color="BLUE"/>
        <field column="2" value="F1=Help  F3=Exit  F6=Create  F12=Cancel  F18=Number Seq" color="BLUE"/>
    </row>
    <size rows="24" columns="80"/>
    <cursor row="8" column="4"/>
</snapshot>
