<?xml version="1.0" encoding="UTF-8" standalone="yes"?>
<snapshot type="INCOMING" sequence="33">
    <row rowNumber="1">
        <field column="2" value="TESTUSER  " color="BLUE"/>
        <field column="13" value="       "/>
        <field column="21" value="Inventory                               " color="WHITE"/>
        <field column="62" value="          "/>
        <field column="73" value=" 2/06/05" color="BLUE"/>
    </row>
    <row rowNumber="2">
        <field column="1" color="BLUE"/>
        <field column="2" value="MWAREHED  " color="BLUE"/>
        <field column="13" value="            "/>
        <field column="26" value="  Work with Warehouse Details " color="WHITE"/>
        <field column="57" value="               "/>
        <field column="73" value="11:45:15" color="BLUE"/>
    </row>
    <row rowNumber="3">
        <field column="1"/>
        <field column="2" backColor="BLUE"/>
        <field column="3" value="                                                             " backColor="BLUE"/>
        <field column="65" value="                "/>
    </row>
    <row rowNumber="4">
        <field column="1" color="BLUE"/>
        <field column="2" backColor="BLUE"/>
        <field column="3" value=" " backColor="BLUE"/>
        <field column="5" value="             "/>
        <field column="19" value="    List of Warehouse Types   " color="WHITE"/>
        <field column="50" value="            "/>
        <field column="63" value=" " backColor="BLUE"/>
        <field column="65" value="                "/>
    </row>
    <row rowNumber="5">
        <field column="1" value=" "/>
        <field column="3" value=" " backColor="BLUE"/>
        <field column="5" value="                                                         "/>
        <field column="63" value=" " backColor="BLUE"/>
        <field column="65" value="                "/>
    </row>
    <row rowNumber="6">
        <field column="1"/>
        <field column="2" backColor="BLUE"/>
        <field column="3" value=" " backColor="BLUE"/>
        <field column="5" color="BLUE"/>
        <field column="6" value="Type options, press Enter." color="BLUE"/>
        <field column="33" value="                             "/>
        <field column="63" value=" " backColor="BLUE"/>
        <field column="65" value="                "/>
    </row>
    <row rowNumber="7">
        <field column="1"/>
        <field column="2" backColor="BLUE"/>
        <field column="3" value=" " backColor="BLUE"/>
        <field column="5" value="  "/>
        <field column="8" value="1=Select" color="BLUE"/>
        <field column="17" value="                                             "/>
        <field column="63" value=" " backColor="BLUE"/>
        <field column="65" value="         "/>
        <field column="75" value="      "/>
    </row>
    <row rowNumber="8">
        <field column="1"/>
        <field column="2" backColor="BLUE"/>
        <field column="3" value=" " backColor="BLUE"/>
        <field column="5" value="                                                         "/>
        <field column="63" value=" " backColor="BLUE"/>
        <field column="65" value="            "/>
        <field column="78" value="   "/>
    </row>
    <row rowNumber="9">
        <field column="1"/>
        <field column="2" backColor="BLUE"/>
        <field column="3" value=" " backColor="BLUE"/>
        <field column="5" color="WHITE"/>
        <field column="6" value="Action" color="WHITE"/>
        <field column="13" color="WHITE"/>
        <field column="14" value="Type" color="WHITE"/>
        <field column="19" color="WHITE"/>
        <field column="20" value="Description" color="WHITE"/>
        <field column="32" value="                              "/>
        <field column="63" value=" " backColor="BLUE"/>
        <field column="65" value="                "/>
    </row>
    <row rowNumber="10">
        <field column="1"/>
        <field column="2" backColor="BLUE"/>
        <field column="3" value=" " backColor="BLUE"/>
        <field column="5" value="  "/>
        <field column="8" length="1" editable="true" type="java.lang.Integer"/>
        <field column="10" value="   "/>
        <field column="14" value="DR"/>
        <field column="17" value="  "/>
        <field column="20" value="Dairy warehouse                         "/>
        <field column="61" value=" "/>
        <field column="63" value=" " backColor="BLUE"/>
        <field column="65" value="                "/>
    </row>
    <row rowNumber="11">
        <field column="1" value=" "/>
        <field column="3" value=" " backColor="BLUE"/>
        <field column="5" value="  "/>
        <field column="8" length="1" editable="true" type="java.lang.Integer"/>
        <field column="10" value="   "/>
        <field column="14" value="GL"/>
        <field column="17" value="  "/>
        <field column="20" value="General warehouse                       "/>
        <field column="61" value=" "/>
        <field column="63" value=" " backColor="BLUE"/>
        <field column="65" value="                "/>
    </row>
    <row rowNumber="12">
        <field column="1"/>
        <field column="2" backColor="BLUE"/>
        <field column="3" value=" " backColor="BLUE"/>
        <field column="5" value="  "/>
        <field column="8" length="1" editable="true" type="java.lang.Integer"/>
        <field column="10" value="   "/>
        <field column="14" value="MT"/>
        <field column="17" value="  "/>
        <field column="20" value="Meat warehouse                          "/>
        <field column="61" value=" "/>
        <field column="63" value=" " backColor="BLUE"/>
        <field column="65" value="                "/>
    </row>
    <row rowNumber="13">
        <field column="1"/>
        <field column="2" backColor="BLUE"/>
        <field column="3" value=" " backColor="BLUE"/>
        <field column="5" value="  "/>
        <field column="8" length="1" editable="true" type="java.lang.Integer"/>
        <field column="10" value="   "/>
        <field column="14" value="VF"/>
        <field column="17" value="  "/>
        <field column="20" value="Vegtables &amp; fruits warehouse            "/>
        <field column="61" value=" "/>
        <field column="63" value=" " backColor="BLUE"/>
        <field column="65" value="                "/>
    </row>
    <row rowNumber="14">
        <field column="1"/>
        <field column="2" backColor="BLUE"/>
        <field column="3" value=" " backColor="BLUE"/>
        <field column="5" value="  "/>
        <field column="8" length="1" editable="true" type="java.lang.Integer"/>
        <field column="10" value="   "/>
        <field column="14" value="  "/>
        <field column="17" value="  "/>
        <field column="20" value="                                        "/>
        <field column="61" value=" "/>
        <field column="63" value=" " backColor="BLUE"/>
        <field column="65" value="                "/>
    </row>
    <row rowNumber="15">
        <field column="1"/>
        <field column="2" backColor="BLUE"/>
        <field column="3" value=" " backColor="BLUE"/>
        <field column="5" value="                                                         "/>
        <field column="63" value=" " backColor="BLUE"/>
        <field column="65" value="                "/>
    </row>
    <row rowNumber="16">
        <field column="1" value=" "/>
        <field column="3" value=" " backColor="BLUE"/>
        <field column="5" color="BLUE"/>
        <field column="6" value="F12=Cancel" color="BLUE"/>
        <field column="17" value="                                             "/>
        <field column="63" value=" " backColor="BLUE"/>
        <field column="65" value="                "/>
    </row>
    <row rowNumber="17">
        <field column="1" value=" "/>
        <field column="3" value="                                                             " backColor="BLUE"/>
        <field column="65" value="                "/>
    </row>
    <row rowNumber="23">
        <field column="1" color="BLUE"/>
        <field column="2" value="F1=Help  F4=Prompt  F12=Cancel  F14=Delete" color="BLUE"/>
        <field column="45" value="                                    "/>
    </row>
    <row rowNumber="24">
        <field column="1" color="WHITE"/>
        <field column="2" value="The end of the file was reached.                                            " color="WHITE"/>
        <field column="79" value=" " color="WHITE"/>
    </row>
    <size rows="24" columns="80"/>
    <cursor row="10" column="8"/>
</snapshot>
