<?xml version="1.0" encoding="UTF-8" standalone="yes"?>
<snapshot type="INCOMING" sequence="6">
    <row rowNumber="1">
        <field column="2" value="STUDENT2  "/>
        <field column="13" value="       "/>
        <field column="21" value="SabraFood                               "/>
        <field column="62" value="          "/>
        <field column="73" value=" 2/06/05"/>
    </row>
    <row rowNumber="2">
        <field column="2" value="MITMMAST  "/>
        <field column="13" value="            "/>
        <field column="26" value="    Work with Item Master     "/>
        <field column="57" value="               "/>
        <field column="73" value="11:44:21"/>
    </row>
    <row rowNumber="4">
        <field column="2" value="Type one or more action codes. Then Enter.                                    "/>
    </row>
    <row rowNumber="5">
        <field column="1" value="  "/>
        <field column="4" value="2=Revise"/>
        <field column="14" value="4=Delete"/>
        <field column="24" value="5=Display"/>
        <field column="34" value="                                               "/>
    </row>
    <row rowNumber="7">
        <field column="2" value="Action"/>
        <field column="9" value=" "/>
        <field column="11" value="Alpha search"/>
        <field column="24" value="Item Description"/>
        <field column="41" value="                       "/>
        <field column="65" value="Item Number"/>
        <field column="77" value="    "/>
    </row>
    <row rowNumber="8">
        <field column="2" value=" "/>
        <field column="4" value="" length="1" editable="true"/>
        <field column="6" value="    "/>
        <field column="11" value="TOMATO    "/>
        <field column="22" value=" "/>
        <field column="24" value="Tomato - VEG                            "/>
        <field column="65" value="2000           "/>
    </row>
    <row rowNumber="9">
        <field column="1" value="  "/>
        <field column="4" value="" length="1" editable="true"/>
        <field column="6" value="    "/>
        <field column="11" value="WATERMELON"/>
        <field column="22" value=" "/>
        <field column="24" value="Watermelon - FRT                        "/>
        <field column="65" value="1055           "/>
    </row>
    <row rowNumber="10">
        <field column="1" value="  "/>
        <field column="4" value=" "/>
        <field column="6" value="    "/>
        <field column="11" value="          "/>
        <field column="22" value=" "/>
        <field column="24" value="                                        "/>
        <field column="65" value="               "/>
    </row>
    <row rowNumber="11">
        <field column="1" value="  "/>
        <field column="4" value=" "/>
        <field column="6" value="    "/>
        <field column="11" value="          "/>
        <field column="22" value=" "/>
        <field column="24" value="                                        "/>
        <field column="65" value="               "/>
    </row>
    <row rowNumber="12">
        <field column="1" value="  "/>
        <field column="4" value=" "/>
        <field column="6" value="    "/>
        <field column="11" value="          "/>
        <field column="22" value=" "/>
        <field column="24" value="                                        "/>
        <field column="65" value="               "/>
    </row>
    <row rowNumber="13">
        <field column="1" value="  "/>
        <field column="4" value=" "/>
        <field column="6" value="    "/>
        <field column="11" value="          "/>
        <field column="22" value=" "/>
        <field column="24" value="                                        "/>
        <field column="65" value="               "/>
    </row>
    <row rowNumber="14">
        <field column="1" value="  "/>
        <field column="4" value=" "/>
        <field column="6" value="    "/>
        <field column="11" value="          "/>
        <field column="22" value=" "/>
        <field column="24" value="                                        "/>
        <field column="65" value="               "/>
    </row>
    <row rowNumber="15">
        <field column="1" value="  "/>
        <field column="4" value=" "/>
        <field column="6" value="    "/>
        <field column="11" value="          "/>
        <field column="22" value=" "/>
        <field column="24" value="                                        "/>
        <field column="65" value="               "/>
    </row>
    <row rowNumber="16">
        <field column="1" value="  "/>
        <field column="4" value=" "/>
        <field column="6" value="    "/>
        <field column="11" value="          "/>
        <field column="22" value=" "/>
        <field column="24" value="                                        "/>
        <field column="65" value="               "/>
    </row>
    <row rowNumber="17">
        <field column="1" value="  "/>
        <field column="4" value=" "/>
        <field column="6" value="    "/>
        <field column="11" value="          "/>
        <field column="22" value=" "/>
        <field column="24" value="                                        "/>
        <field column="65" value="               "/>
    </row>
    <row rowNumber="18">
        <field column="1" value="  "/>
        <field column="4" value=" "/>
        <field column="6" value="    "/>
        <field column="11" value="          "/>
        <field column="22" value=" "/>
        <field column="24" value="                                        "/>
        <field column="65" value="               "/>
    </row>
    <row rowNumber="19">
        <field column="1" value="  "/>
        <field column="4" value=" "/>
        <field column="6" value="    "/>
        <field column="11" value="          "/>
        <field column="22" value=" "/>
        <field column="24" value="                                        "/>
        <field column="65" value="             "/>
        <field column="79" value=" "/>
    </row>
    <row rowNumber="21">
        <field column="2" value="Position to . ."/>
        <field column="19" value="" length="10" editable="true"/>
        <field column="30" value="                                                   "/>
    </row>
    <row rowNumber="23">
        <field column="2" value="F1=Help  F3=Exit  F6=Create  F12=Cancel  F18=Number Seq"/>
        <field column="58" value="                       "/>
    </row>
    <row rowNumber="24">
        <field column="2" value="The end of the file was reached.                                            "/>
        <field column="79" value=" "/>
    </row>
    <size rows="24" columns="80"/>
    <cursor row="8" column="4"/>
</snapshot>
