<?xml version="1.0" encoding="UTF-8"?>
<beans xmlns="http://www.springframework.org/schema/beans" xmlns:xsi="http://www.w3.org/2001/XMLSchema-instance"
	xmlns:context="http://www.springframework.org/schema/context" xmlns:jaxws="http://cxf.apache.org/jaxws"
	xmlns:security="http://www.springframework.org/schema/security"
	xsi:schemaLocation="http://www.springframework.org/schema/beans http://www.springframework.org/schema/beans/spring-beans-3.0.xsd
		http://www.springframework.org/schema/context http://www.springframework.org/schema/context/spring-context-3.0.xsd
		http://www.springframework.org/schema/security http://www.springframework.org/schema/security/spring-security-3.1.xsd
		http://cxf.apache.org/jaxws http://cxf.apache.org/schemas/jaxws.xsd">

	<!-- Root Context: defines shared resources visible to all other web components -->

	<context:property-placeholder location="classpath*:/*.properties" />

	<import resource="classpath*:/META-INF/openlegacy-basic-context.xml" />

	<bean id="terminalSession" class="org.openlegacy.terminal.support.DefaultTerminalSession"
		scope="prototype" parent="abstractTerminalSession" />

	<bean id="screensRegistry" class="org.openlegacy.terminal.support.DefaultScreenEntitiesRegistry">
		<property name="packages">
			<list>
				<value>org.openlegacy.terminal.samples.model</value>
			</list>
		</property>
	</bean>

	<bean id="terminalConnectionFactory" class="org.openlegacy.terminal.mock.MockTerminalConnectionFactory">
		<property name="root" value="/trails" />
		<property name="trailName" value="demo_session.trail" />
	</bean>


	<security:http auto-config="true">
		<security:http-basic />
	</security:http>
	<security:authentication-manager>
		<security:authentication-provider>
			<security:user-service>
				<security:user name="user" password="pwd" authorities="ROLE_WSCLIENT" />
			</security:user-service>
		</security:authentication-provider>
	</security:authentication-manager>

	<import resource="classpath:META-INF/cxf/cxf.xml" />
	<import resource="classpath:META-INF/cxf/cxf-servlet.xml" />

	<bean id="itemsImpl" class="org.openlegacy.terminal.samples.services.ItemsWebServiceImpl" />
	<bean id="itemDetailsImpl" class="org.openlegacy.terminal.samples.services.ItemDetailsWebServiceImpl" />

	<jaxws:endpoint id="items" implementor="#itemsImpl" address="/items" />

	<jaxws:endpoint id="itemDetails" implementor="#itemDetailsImpl" address="/itemDetails"
		implementorClass="org.openlegacy.terminal.samples.services.ItemDetailsWebServiceImpl" />

</beans>