<?xml version="1.0" encoding="UTF-8" standalone="yes"?>
<snapshot type="INCOMING" sequence="13">
    <row rowNumber="1">
        <field column="2" value="TESTUSER  " color="BLUE"/>
        <field column="13" value="       "/>
        <field column="21" value="Inventory                               " color="WHITE"/>
        <field column="62" value="          "/>
        <field column="73" value=" 2/06/05" color="BLUE"/>
    </row>
    <row rowNumber="2">
        <field column="1" color="BLUE"/>
        <field column="2" value="MITMMAST  " color="BLUE"/>
        <field column="13" value="            "/>
        <field column="26" value="    Work with Item Master     " color="WHITE"/>
        <field column="57" value="               "/>
        <field column="73" value="11:44:28" color="BLUE"/>
    </row>
    <row rowNumber="3">
        <field column="1"/>
        <field column="2" value="                                                                               "/>
    </row>
    <row rowNumber="4">
        <field column="1" color="BLUE"/>
        <field column="2" value="Type choices, press Enter." color="BLUE"/>
        <field column="29" value="                                                    "/>
    </row>
    <row rowNumber="6">
        <field column="1"/>
        <field column="2" value="Item Number . . . . . . . . ."/>
        <field column="32"/>
        <field column="33" value="2000" length="15" editable="true" type="java.lang.Integer"/>
        <field column="49" value="                                "/>
    </row>
    <row rowNumber="7">
        <field column="1"/>
        <field column="2" value="Item Description  . . . . . ."/>
        <field column="32"/>
        <field column="33" value="Tomato - VEG" length="40" editable="true"/>
        <field column="74" value="       "/>
    </row>
    <row rowNumber="8">
        <field column="1"/>
        <field column="2" value="Alpha Search  . . . . . . . ."/>
        <field column="32"/>
        <field column="33" value="TOMATO" length="10" editable="true"/>
        <field column="44" value="                                     "/>
    </row>
    <row rowNumber="9">
        <field column="1"/>
        <field column="2" value="Superceding item 'To' . . . ."/>
        <field column="32"/>
        <field column="33" length="15" editable="true"/>
        <field column="49" value="                                "/>
    </row>
    <row rowNumber="10">
        <field column="1"/>
        <field column="2" value="Superceding Item 'From' . . ."/>
        <field column="32"/>
        <field column="33" length="15" editable="true"/>
        <field column="49" value="                                "/>
    </row>
    <row rowNumber="11">
        <field column="1"/>
        <field column="2" value="Substitute item number  . . ."/>
        <field column="32"/>
        <field column="33" length="15" editable="true"/>
        <field column="49" value="                                "/>
    </row>
    <row rowNumber="12">
        <field column="1"/>
        <field column="2" value="Manufacturers Item No.  . . ."/>
        <field column="32"/>
        <field column="33" length="15" editable="true"/>
        <field column="49" value="                                "/>
    </row>
    <row rowNumber="13">
        <field column="1"/>
        <field column="2" value="Item weight . . . . . . . . ."/>
        <field column="32"/>
        <field column="33" length="15" editable="true" type="java.lang.Integer"/>
        <field column="49" value="                                "/>
    </row>
    <row rowNumber="14">
        <field column="1"/>
        <field column="2" value="Item Class  . . . . . . . . ."/>
        <field column="32"/>
        <field column="33" value="VEG" editable="true"/>
        <field column="37" value="Vegetables                              "/>
        <field column="78" value="   "/>
    </row>
    <row rowNumber="15">
        <field column="1"/>
        <field column="2" value="Stock Group . . . . . . . . ."/>
        <field column="32"/>
        <field column="33" value="SG" length="3" editable="true"/>
        <field column="37" value="Generic stock group                     "/>
        <field column="78" value="   "/>
    </row>
    <row rowNumber="16">
        <field column="1"/>
        <field column="2" value="Unit of Measure . . . . . . ."/>
        <field column="32"/>
        <field column="33" length="5" editable="true"/>
        <field column="39" value="                                          "/>
    </row>
    <row rowNumber="17">
        <field column="1"/>
        <field column="2" value="Packing Multiplier  . . . . ."/>
        <field column="32"/>
        <field column="33" length="6" editable="true" type="java.lang.Integer"/>
        <field column="40" value="                                         "/>
    </row>
    <row rowNumber="18">
        <field column="1"/>
        <field column="2" value="Outer Unit of Measure . . . ."/>
        <field column="32"/>
        <field column="33" length="5" editable="true"/>
        <field column="39" value="                                          "/>
    </row>
    <row rowNumber="19">
        <field column="1"/>
        <field column="2" value="Outer Quantity  . . . . . . ."/>
        <field column="32"/>
        <field column="33" length="10" editable="true" type="java.lang.Integer"/>
        <field column="44" value="                                     "/>
    </row>
    <row rowNumber="20">
        <field column="1"/>
        <field column="2" value="Pallet label required . . . ."/>
        <field column="32"/>
        <field column="33" length="1" editable="true"/>
        <field column="35" value="                                              "/>
    </row>
    <row rowNumber="21">
        <field column="1"/>
        <field column="2" value="VAT Code  . . . . . . . . . ."/>
        <field column="32"/>
        <field column="33" length="2" editable="true"/>
        <field column="36" value="                                        "/>
        <field column="77" value="    "/>
    </row>
    <row rowNumber="23">
        <field column="1" color="BLUE"/>
        <field column="2" value="F1=Help  F4=Prompt  F12=Cancel  F14=Delete" color="BLUE"/>
        <field column="45" value="                                    "/>
    </row>
    <row rowNumber="24">
        <field column="1"/>
        <field column="2" value="                                                                            "/>
        <field column="79" value=" " color="WHITE"/>
    </row>
    <size rows="24" columns="80"/>
    <cursor row="7" column="33"/>
</snapshot>
