<?xml version="1.0" encoding="UTF-8" standalone="yes"?>
<snapshot type="INCOMING" sequence="15">
    <row rowNumber="1">
        <field column="2" value="TESTUSER  " color="BLUE"/>
        <field column="13" value="       "/>
        <field column="21" value="Inventory                               " color="WHITE"/>
        <field column="62" value="          "/>
        <field column="73" value=" 2/06/05" color="BLUE"/>
    </row>
    <row rowNumber="2">
        <field column="1" color="BLUE"/>
        <field column="2" value="MITMMAST  " color="BLUE"/>
        <field column="13" value="            "/>
        <field column="26" value="    Work with Item Master     " color="WHITE"/>
        <field column="57" value="               "/>
        <field column="73" value="11:44:32" color="BLUE"/>
    </row>
    <row rowNumber="3">
        <field column="1"/>
        <field column="2" value="                                                                               "/>
    </row>
    <row rowNumber="4">
        <field column="1" color="BLUE"/>
        <field column="2" value="Type choices, press Enter." color="BLUE"/>
        <field column="29" value="                                                    "/>
    </row>
    <row rowNumber="6">
        <field column="1"/>
        <field column="2" value="Item Number/Desc :"/>
        <field column="21"/>
        <field column="22" value="2000           " type="java.lang.Integer"/>
        <field column="38" value="Tomato - VEG                            "/>
        <field column="79" value="  "/>
    </row>
    <row rowNumber="7">
        <field column="1"/>
        <field column="2" value="N/L Cost of Sales Account"/>
        <field column="28"/>
        <field column="29" length="15" editable="true"/>
        <field column="45" value="                                    "/>
    </row>
    <row rowNumber="8">
        <field column="1"/>
        <field column="2" value="N/L Sales Account . . . ."/>
        <field column="28"/>
        <field column="29" length="15" editable="true"/>
        <field column="45" value="                                    "/>
    </row>
    <row rowNumber="9">
        <field column="1"/>
        <field column="2" value="N/L Stock Account . . . ."/>
        <field column="28"/>
        <field column="29" length="15" editable="true"/>
        <field column="45" value="                                    "/>
    </row>
    <row rowNumber="10">
        <field column="1"/>
        <field column="2" value="               "/>
        <field column="18" value=". . . . ."/>
        <field column="28"/>
        <field column="29" length="5" editable="true"/>
        <field column="35" value="                                              "/>
    </row>
    <row rowNumber="11">
        <field column="1"/>
        <field column="2" value="               "/>
        <field column="18" value=". . . . ."/>
        <field column="28"/>
        <field column="29" length="5" editable="true"/>
        <field column="35" value="                                              "/>
    </row>
    <row rowNumber="12">
        <field column="1"/>
        <field column="2" value="               "/>
        <field column="18" value=". . . . ."/>
        <field column="28"/>
        <field column="29" length="5" editable="true"/>
        <field column="35" value="                                              "/>
    </row>
    <row rowNumber="13">
        <field column="1"/>
        <field column="2" value="Item Type - business area"/>
        <field column="28"/>
        <field column="29" length="1" editable="true"/>
        <field column="31" value="                                        "/>
        <field column="72" value="         "/>
    </row>
    <row rowNumber="14">
        <field column="1"/>
        <field column="2" value="Stock Analysis Code . . ."/>
        <field column="28"/>
        <field column="29" length="1" editable="true"/>
        <field column="31" value="                                        "/>
        <field column="72" value="         "/>
    </row>
    <row rowNumber="15">
        <field column="1"/>
        <field column="2" value="Stock Value Group . . . ."/>
        <field column="28"/>
        <field column="29" length="1" editable="true"/>
        <field column="31" value="                                        "/>
        <field column="72" value="         "/>
    </row>
    <row rowNumber="16">
        <field column="1"/>
        <field column="2" value="Stock Inventory Group . ."/>
        <field column="28"/>
        <field column="29" length="2" editable="true"/>
        <field column="32" value="                                        "/>
        <field column="73" value="        "/>
    </row>
    <row rowNumber="17">
        <field column="1"/>
        <field column="2" value="List Price  . . . . . . ."/>
        <field column="28"/>
        <field column="29" length="13" editable="true" type="java.lang.Integer"/>
        <field column="43" value="                                      "/>
    </row>
    <row rowNumber="18">
        <field column="1"/>
        <field column="2" value="Standard unit cost  . . ."/>
        <field column="28"/>
        <field column="29" length="13" editable="true" type="java.lang.Integer"/>
        <field column="43" value="             "/>
        <field column="57" value="Audit Details" color="WHITE"/>
        <field column="71" value="          "/>
    </row>
    <row rowNumber="19">
        <field column="1" value="                                                 "/>
        <field column="51" value="Created date . :"/>
        <field column="68"/>
        <field column="69" value="17/01/2010"/>
        <field column="80" value=" "/>
    </row>
    <row rowNumber="20">
        <field column="1" value="                                                 "/>
        <field column="51" value="Created By . . :"/>
        <field column="68"/>
        <field column="69" value="TESTUSER  "/>
        <field column="80" value=" "/>
    </row>
    <row rowNumber="21">
        <field column="1" value="                                                 "/>
        <field column="51" value="Amended date . :"/>
        <field column="68"/>
        <field column="69" value=" 0/00/0000"/>
        <field column="80" value=" "/>
    </row>
    <row rowNumber="22">
        <field column="1" value="                                                 "/>
        <field column="51" value="Amended By . . :"/>
        <field column="68"/>
        <field column="69" value="          "/>
        <field column="80" value=" "/>
    </row>
    <row rowNumber="23">
        <field column="1" color="BLUE"/>
        <field column="2" value="F1=Help  F3=Cancel  F4=Prompt  F12=Return  F14=Delete" color="BLUE"/>
        <field column="56" value="                         "/>
    </row>
    <row rowNumber="24">
        <field column="1"/>
        <field column="2" value="                                                                            "/>
        <field column="79" value=" " color="WHITE"/>
    </row>
    <size rows="24" columns="80"/>
    <cursor row="7" column="29"/>
</snapshot>
