<?xml version="1.0" encoding="UTF-8" standalone="yes"?>
<snapshot type="INCOMING" sequence="31">
    <row rowNumber="1">
        <field column="2" value="TESTUSER  " color="BLUE"/>
        <field column="13" value="       "/>
        <field column="21" value="Inventory                               " color="WHITE"/>
        <field column="62" value="          "/>
        <field column="73" value=" 2/06/05" color="BLUE"/>
    </row>
    <row rowNumber="2">
        <field column="1" color="BLUE"/>
        <field column="2" value="MWAREHED  " color="BLUE"/>
        <field column="13" value="            "/>
        <field column="26" value="  Work with Warehouse Details " color="WHITE"/>
        <field column="57" value="               "/>
        <field column="73" value="11:45:15" color="BLUE"/>
    </row>
    <row rowNumber="3">
        <field column="1"/>
        <field column="2" value="                                                                               "/>
    </row>
    <row rowNumber="4">
        <field column="1" color="BLUE"/>
        <field column="2" value="Type choices, press Enter." color="BLUE"/>
        <field column="29" value="                                                    "/>
    </row>
    <row rowNumber="6">
        <field column="1"/>
        <field column="2" value="Warehouse Number . . . . . . ."/>
        <field column="33"/>
        <field column="34" value="003" editable="true" type="java.lang.Integer"/>
        <field column="38" value="                                           "/>
    </row>
    <row rowNumber="7">
        <field column="1"/>
        <field column="2" value="Warehouse Description  . . . ."/>
        <field column="33"/>
        <field column="34" value="Discount warehouse" length="40" editable="true"/>
        <field column="75" value="      "/>
    </row>
    <row rowNumber="8">
        <field column="1"/>
        <field column="2" value="Warehouse Type . . . . . . . ."/>
        <field column="33"/>
        <field column="34" value="GL" editable="true"/>
        <field column="37" value="General warehouse                       "/>
        <field column="78" value="   "/>
    </row>
    <row rowNumber="9">
        <field column="1"/>
        <field column="2" value="Costing Type . . . . . . . . ."/>
        <field column="33"/>
        <field column="34" value="1" editable="true" type="java.lang.Integer"/>
        <field column="36" value="                                             "/>
    </row>
    <row rowNumber="10">
        <field column="1"/>
        <field column="2" value="Replenishment Cycle flag . . ."/>
        <field column="33"/>
        <field column="34" length="1" editable="true"/>
        <field column="36" value="                                             "/>
    </row>
    <row rowNumber="12">
        <field column="1"/>
        <field column="2" value="Amended date . . . . . . . . :"/>
        <field column="33"/>
        <field column="34" value="23" editable="true" type="java.lang.Integer"/>
        <field column="46" value="/"/>
        <field column="37" value="01" editable="true" type="java.lang.Integer"/>
        <field column="49" value="/"/>
        <field column="40" value="2011" editable="true" type="java.lang.Integer"/>
        <field column="45" value="                                    "/>
    </row>
    <row rowNumber="13">
        <field column="1"/>
        <field column="2" value="Amended By . . . . . . . . . :"/>
        <field column="33"/>
        <field column="34" value="TESTUSER  "/>
        <field column="45" value="                                    "/>
    </row>
    <row rowNumber="14">
        <field column="1"/>
        <field column="2" value="Created Date . . . . . . . . :"/>
        <field column="33"/>
        <field column="34" value="21/12/2002"/>
        <field column="45" value="                                    "/>
    </row>
    <row rowNumber="15">
        <field column="1"/>
        <field column="2" value="Created by . . . . . . . . . :"/>
        <field column="33"/>
        <field column="34" value="Terry     "/>
        <field column="45" value="                                    "/>
    </row>
    <row rowNumber="23">
        <field column="1" color="BLUE"/>
        <field column="2" value="F1=Help  F4=Prompt  F12=Cancel  F14=Delete" color="BLUE"/>
        <field column="45" value="                                    "/>
    </row>
    <row rowNumber="24">
        <field column="1"/>
        <field column="2" value="                                                                            "/>
        <field column="79" value=" " color="WHITE"/>
    </row>
    <size rows="24" columns="80"/>
    <cursor row="7" column="34"/>
</snapshot>
